{
  "overall_accuracy": 0.1225,
  "mean_class_accuracy": 0.12250000000000001,
  "min_class_accuracy": 0.0,
  "per_class_accuracy": {
    "0deg": 0.46,
    "45deg": 0.1,
    "90deg": 0.02,
    "135deg": 0.32,
    "180deg": 0.0,
    "225deg": 0.0,
    "270deg": 0.0,
    "315deg": 0.08
  },
  "total_samples": 400,
  "mean_confidence": 0.47629726365208624
}